id,mmsi,repeat_indicator,spare,spare2,type,utc,x,y
17,4310302,1,0,0,17,2018-05-11T05:50:29Z,139.89333333333335,35.61833333333333
